{"cameraMode":{"drawMode":0,"name":"Shaded","section":"Shading Mode"},"sceneLighting":true,"audioPlay":false,"sceneViewState":{"showFog":true,"showMaterialUpdate":true,"showSkybox":true,"showFlares":true,"showImageEffects":true,"showParticleSystems":true},"in2DMode":false,"pivot":{"x":825.4337768554688,"y":1.6602462530136109,"z":686.3251342773438},"rotation":{"x":0.12865807116031648,"y":0.163152277469635,"z":-0.021467620506882669,"w":0.9779430031776428},"size":3.708902597427368,"orthographic":false}