{"cameraMode":{"drawMode":0,"name":"Shaded","section":"Shading Mode"},"sceneLighting":false,"audioPlay":false,"sceneViewState":{"showFog":true,"showMaterialUpdate":true,"showSkybox":false,"showFlares":true,"showImageEffects":true,"showParticleSystems":true},"in2DMode":false,"pivot":{"x":9.5367431640625e-7,"y":1.7236284017562867,"z":-0.07655228674411774},"rotation":{"x":0.14575739204883576,"y":-0.4578366279602051,"z":0.0763804093003273,"w":0.8736764192581177},"size":3.1010284423828127,"orthographic":false}